SubscriptionID,CustomerID,PlanID,StartDate,EndDate,Status,DiscountApplied
5001,1001,3,2021-08-17,,Active,0.0
5002,1002,1,2021-02-21,,Active,0.0
5003,1003,3,2022-07-18,2023-04-24,Churned,0.1
5004,1004,2,2022-04-03,,Active,0.0
5005,1005,1,2021-10-13,2022-02-24,Churned,0.0
5006,1006,3,2021-06-28,,Active,0.0
5007,1007,2,2023-05-15,2023-07-16,Churned,0.1
5008,1008,2,2021-03-03,2021-07-06,Churned,0.0
5009,1009,3,2022-03-24,,Active,0.0
5010,1010,1,2022-04-22,,Active,0.0
5011,1010,2,2023-11-01,,Active,0.0
5012,1011,1,2021-02-24,,Active,0.0
5013,1011,2,2022-02-12,,Active,0.2
5014,1012,1,2023-05-10,,Active,0.0
5015,1013,1,2022-03-28,,Active,0.0
5016,1013,1,2023-07-09,,Active,0.0
5017,1014,1,2022-07-24,,Active,0.0
5018,1015,2,2021-01-14,2021-07-26,Churned,0.1
5019,1016,2,2023-05-16,,Active,0.1
5020,1016,1,2022-11-28,2023-10-08,Churned,0.0
5021,1017,1,2021-11-15,,Active,0.2
5022,1018,2,2022-03-17,2023-03-26,Churned,0.1
5023,1018,2,2021-07-29,2021-11-30,Churned,0.0
5024,1019,2,2023-02-18,,Active,0.1
5025,1019,2,2021-07-18,,Active,0.0
5026,1020,1,2023-01-06,,Active,0.0
5027,1021,1,2022-12-06,,Active,0.0
5028,1021,2,2022-06-26,,Active,0.0
5029,1022,1,2021-03-30,2022-08-12,Churned,0.0
5030,1023,3,2021-09-13,,Active,0.0
5031,1024,2,2023-02-15,2023-06-05,Churned,0.0
5032,1025,1,2022-08-24,,Active,0.0
5033,1026,3,2023-01-11,,Active,0.0
5034,1027,2,2022-01-29,2022-05-10,Churned,0.0
5035,1028,1,2021-04-04,2023-03-12,Churned,0.0
5036,1029,1,2022-04-12,2023-03-04,Churned,0.1
5037,1030,2,2021-06-13,2022-03-08,Churned,0.1
5038,1031,1,2021-07-26,,Active,0.0
5039,1032,2,2023-02-18,,Active,0.0
5040,1033,3,2022-07-24,2023-11-30,Churned,0.0
5041,1034,1,2023-01-18,,Active,0.1
5042,1035,2,2021-11-30,2023-01-13,Churned,0.1
5043,1036,2,2022-12-29,2023-08-30,Churned,0.0
5044,1036,1,2022-07-01,,Active,0.0
5045,1037,2,2021-05-27,2023-03-11,Churned,0.0
5046,1038,1,2021-12-17,2023-07-16,Churned,0.0
5047,1039,1,2022-05-17,2022-11-30,Churned,0.0
5048,1040,2,2023-08-05,,Active,0.0
5049,1040,2,2023-02-17,2023-12-20,Churned,0.0
5050,1041,2,2022-03-26,,Active,0.0
5051,1041,1,2022-10-27,,Active,0.0
5052,1042,1,2021-04-25,2022-01-14,Churned,0.0
5053,1043,1,2021-03-07,,Active,0.0
5054,1044,2,2022-10-09,2023-12-23,Churned,0.0
5055,1045,2,2022-07-03,,Active,0.0
5056,1046,1,2021-05-16,2022-01-17,Churned,0.0
5057,1047,2,2022-10-07,,Active,0.1
5058,1048,1,2022-03-12,,Active,0.0
5059,1048,1,2023-10-20,,Active,0.0
5060,1049,1,2023-03-22,,Active,0.0
5061,1050,3,2023-07-29,,Active,0.0
5062,1051,2,2022-06-27,,Active,0.0
5063,1052,1,2021-10-13,2022-07-22,Churned,0.0
5064,1053,1,2022-06-23,,Active,0.2
5065,1054,2,2023-05-28,,Active,0.0
5066,1055,2,2023-03-29,,Active,0.0
5067,1056,1,2023-01-12,2023-09-23,Churned,0.0
5068,1057,2,2021-10-11,,Active,0.0
5069,1058,1,2023-11-10,,Active,0.0
5070,1058,3,2023-10-08,,Active,0.1
5071,1059,1,2021-07-06,,Active,0.0
5072,1059,1,2021-04-07,2021-08-27,Churned,0.0
5073,1060,2,2021-11-10,,Active,0.0
5074,1061,1,2021-11-24,2023-11-20,Churned,0.0
5075,1062,1,2023-05-15,,Active,0.0
5076,1063,2,2021-05-11,2022-07-09,Churned,0.0
5077,1063,1,2023-02-21,,Active,0.0
5078,1064,1,2023-08-17,,Active,0.1
5079,1065,2,2023-12-20,,Active,0.0
5080,1066,1,2022-05-30,,Active,0.0
5081,1067,3,2021-01-24,,Active,0.0
5082,1068,3,2021-08-23,2023-08-21,Churned,0.0
5083,1069,2,2022-07-01,,Active,0.1
5084,1070,1,2022-11-28,,Active,0.2
5085,1070,1,2021-08-17,,Active,0.0
5086,1071,1,2022-08-25,2023-12-13,Churned,0.0
5087,1072,2,2021-11-20,,Active,0.0
5088,1073,3,2023-07-19,,Active,0.1
5089,1073,2,2021-01-07,,Active,0.2
5090,1074,1,2022-06-24,,Active,0.0
5091,1075,3,2023-10-23,,Active,0.1
5092,1076,2,2023-11-06,,Active,0.1
5093,1077,1,2021-08-06,,Active,0.0
5094,1078,1,2022-09-04,,Active,0.0
5095,1079,1,2023-11-06,,Active,0.2
5096,1080,3,2022-02-12,,Active,0.1
5097,1081,1,2021-11-10,,Active,0.1
5098,1082,1,2023-02-05,,Active,0.0
5099,1083,2,2021-11-27,,Active,0.0
5100,1084,1,2023-12-23,,Active,0.0
5101,1085,1,2022-10-26,,Active,0.0
5102,1086,3,2021-02-09,2021-07-03,Churned,0.2
5103,1087,1,2023-01-14,2023-12-24,Churned,0.0
5104,1088,2,2022-05-06,2022-08-03,Churned,0.0
5105,1089,1,2022-05-09,,Active,0.0
5106,1090,3,2021-06-11,,Active,0.1
5107,1091,1,2021-06-25,2022-12-04,Churned,0.0
5108,1092,2,2021-05-22,2022-12-18,Churned,0.0
5109,1092,1,2021-09-15,,Active,0.0
5110,1093,2,2021-09-20,,Active,0.0
5111,1094,1,2023-09-01,,Active,0.1
5112,1095,2,2021-12-05,,Active,0.0
5113,1096,1,2022-06-27,,Active,0.0
5114,1097,2,2023-12-17,,Active,0.0
5115,1098,1,2023-05-17,,Active,0.0
5116,1099,2,2022-03-10,2023-10-13,Churned,0.1
5117,1100,1,2022-02-16,,Active,0.0
5118,1101,1,2022-10-01,2023-12-13,Churned,0.1
5119,1102,2,2023-02-04,,Active,0.0
5120,1103,1,2023-06-17,,Active,0.0
5121,1103,2,2023-11-26,,Active,0.0
5122,1104,2,2023-07-14,2023-12-14,Churned,0.0
5123,1105,2,2022-05-23,,Active,0.0
5124,1106,2,2022-04-06,2022-07-10,Churned,0.0
5125,1106,2,2022-11-24,,Active,0.0
5126,1107,3,2021-02-13,,Active,0.0
5127,1108,1,2022-04-17,,Active,0.0
5128,1109,2,2022-03-28,,Active,0.1
5129,1110,1,2021-01-15,,Active,0.0
5130,1110,3,2021-05-26,2023-04-02,Churned,0.0
5131,1111,1,2021-05-01,2022-01-20,Churned,0.0
5132,1112,1,2021-05-19,,Active,0.0
5133,1113,1,2021-03-06,,Active,0.0
5134,1114,1,2022-11-08,2023-02-18,Churned,0.0
5135,1115,2,2023-11-19,,Active,0.0
5136,1116,1,2022-07-25,,Active,0.0
5137,1117,1,2023-09-22,,Active,0.0
5138,1118,1,2022-03-15,,Active,0.0
5139,1119,1,2021-09-28,,Active,0.0
5140,1120,3,2023-08-27,,Active,0.0
5141,1121,2,2023-08-27,,Active,0.0
5142,1122,1,2022-01-25,,Active,0.0
5143,1123,1,2021-07-13,2021-11-19,Churned,0.0
5144,1124,3,2023-06-02,,Active,0.0
5145,1125,2,2022-12-27,,Active,0.0
5146,1125,1,2023-05-18,,Active,0.0
5147,1126,1,2023-08-15,,Active,0.0
5148,1127,1,2021-04-21,,Active,0.1
5149,1128,3,2021-07-21,,Active,0.2
5150,1129,1,2021-05-05,2022-07-21,Churned,0.0
5151,1130,2,2022-11-26,,Active,0.0
5152,1131,2,2021-08-12,,Active,0.0
5153,1132,1,2022-05-25,2023-01-06,Churned,0.1
5154,1133,1,2022-01-25,,Active,0.0
5155,1134,1,2023-07-08,2023-12-28,Churned,0.0
5156,1135,1,2023-05-15,,Active,0.0
5157,1136,2,2022-01-11,,Active,0.0
5158,1137,2,2022-07-25,,Active,0.0
5159,1138,1,2023-08-06,,Active,0.0
5160,1139,1,2021-06-04,,Active,0.2
5161,1140,3,2023-06-27,,Active,0.2
5162,1141,3,2021-07-20,,Active,0.0
5163,1142,2,2021-04-14,2023-03-12,Churned,0.0
5164,1142,2,2021-01-31,2021-06-05,Churned,0.0
5165,1143,1,2022-04-30,,Active,0.1
5166,1143,3,2021-12-07,,Active,0.0
5167,1144,2,2023-04-13,,Active,0.0
5168,1144,2,2023-09-13,,Active,0.0
5169,1145,1,2023-04-02,,Active,0.0
5170,1146,1,2021-05-01,2021-11-15,Churned,0.0
5171,1147,1,2023-02-16,,Active,0.0
5172,1147,1,2021-01-05,,Active,0.0
5173,1148,1,2023-03-11,,Active,0.0
5174,1149,1,2023-07-21,,Active,0.0
5175,1150,3,2023-05-17,,Active,0.0
5176,1150,1,2023-09-24,,Active,0.0
5177,1151,3,2022-01-24,,Active,0.0
5178,1151,2,2022-08-31,2023-05-10,Churned,0.0
5179,1152,2,2021-04-30,2023-01-13,Churned,0.0
5180,1153,1,2021-05-05,,Active,0.0
5181,1153,1,2022-10-05,2023-01-01,Churned,0.0
5182,1154,1,2021-04-13,,Active,0.0
5183,1154,1,2023-09-04,,Active,0.0
5184,1155,1,2023-10-27,,Active,0.1
5185,1156,3,2021-11-19,,Active,0.0
5186,1156,1,2021-04-27,,Active,0.0
5187,1157,1,2023-11-07,,Active,0.1
5188,1158,1,2022-01-16,2022-04-26,Churned,0.1
5189,1159,1,2021-05-20,,Active,0.1
5190,1160,2,2022-04-27,,Active,0.0
5191,1161,3,2023-04-07,,Active,0.0
5192,1162,1,2021-09-03,2023-05-09,Churned,0.0
5193,1163,1,2022-05-20,,Active,0.0
5194,1164,1,2021-03-23,2023-01-16,Churned,0.0
5195,1164,1,2021-06-17,2022-09-19,Churned,0.0
5196,1165,1,2023-12-07,,Active,0.0
5197,1165,2,2022-10-10,,Active,0.0
5198,1166,2,2022-06-19,,Active,0.0
5199,1167,3,2022-02-23,,Active,0.2
5200,1168,1,2022-10-06,,Active,0.0
5201,1169,2,2022-05-04,,Active,0.0
5202,1170,2,2022-06-28,,Active,0.0
5203,1171,2,2023-03-22,2023-09-02,Churned,0.0
5204,1172,1,2022-09-07,,Active,0.0
5205,1173,3,2023-07-26,,Active,0.0
5206,1174,1,2022-10-10,,Active,0.0
5207,1175,3,2021-05-29,2021-07-07,Churned,0.1
5208,1176,1,2023-07-28,,Active,0.2
5209,1177,2,2021-07-24,,Active,0.0
5210,1177,3,2021-05-31,,Active,0.0
5211,1178,2,2022-03-13,,Active,0.0
5212,1179,2,2023-11-03,,Active,0.0
5213,1180,1,2021-09-29,2022-10-21,Churned,0.0
5214,1180,2,2021-05-21,,Active,0.2
5215,1181,2,2022-05-16,,Active,0.1
5216,1182,2,2023-01-27,,Active,0.0
5217,1183,3,2022-08-07,2023-02-14,Churned,0.0
5218,1184,3,2023-06-17,,Active,0.0
5219,1185,2,2022-09-12,,Active,0.1
5220,1186,1,2023-12-20,,Active,0.0
5221,1186,2,2021-01-17,2022-12-31,Churned,0.0
5222,1187,2,2022-09-06,,Active,0.0
5223,1188,1,2021-08-01,,Active,0.0
5224,1189,2,2021-10-03,2022-07-30,Churned,0.0
5225,1190,3,2021-08-25,,Active,0.0
5226,1191,1,2021-08-08,,Active,0.0
5227,1192,1,2021-11-15,2022-09-19,Churned,0.0
5228,1193,1,2022-08-01,,Active,0.0
5229,1193,3,2022-03-08,2023-03-24,Churned,0.0
5230,1194,2,2022-02-21,,Active,0.0
5231,1195,1,2022-06-25,2023-12-24,Churned,0.0
5232,1196,1,2023-09-28,,Active,0.2
5233,1197,1,2022-05-30,2022-08-20,Churned,0.2
5234,1198,1,2021-07-09,,Active,0.0
5235,1199,1,2023-05-18,,Active,0.2
5236,1200,2,2021-04-01,,Active,0.0
5237,1201,1,2021-01-08,,Active,0.1
5238,1202,1,2022-11-15,2023-04-27,Churned,0.1
5239,1202,2,2022-06-21,,Active,0.0
5240,1203,2,2021-11-27,,Active,0.0
5241,1204,2,2023-06-24,,Active,0.0
5242,1205,1,2023-05-26,,Active,0.0
5243,1205,2,2021-01-20,,Active,0.0
5244,1206,1,2021-08-18,2021-12-03,Churned,0.0
5245,1207,1,2021-11-02,2023-06-13,Churned,0.0
5246,1207,2,2021-03-15,2022-04-27,Churned,0.0
5247,1208,2,2021-10-31,2023-02-13,Churned,0.0
5248,1209,1,2021-09-19,,Active,0.0
5249,1210,1,2021-03-27,2022-03-07,Churned,0.0
5250,1211,1,2023-01-17,,Active,0.0
5251,1212,2,2021-03-23,2022-04-23,Churned,0.2
5252,1213,2,2022-03-07,,Active,0.1
5253,1214,1,2022-05-27,,Active,0.0
5254,1215,2,2021-07-30,2022-08-26,Churned,0.0
5255,1216,2,2023-04-13,,Active,0.0
5256,1216,1,2021-11-13,,Active,0.0
5257,1217,1,2022-04-30,,Active,0.0
5258,1218,1,2021-11-29,,Active,0.0
5259,1219,1,2021-12-29,,Active,0.0
5260,1219,1,2023-04-25,2023-06-19,Churned,0.0
5261,1220,1,2022-01-03,,Active,0.1
5262,1221,2,2022-11-12,,Active,0.0
5263,1222,1,2023-04-24,,Active,0.0
5264,1223,2,2022-05-24,,Active,0.1
5265,1224,1,2022-07-01,2023-01-10,Churned,0.0
5266,1225,2,2021-08-10,,Active,0.0
5267,1226,2,2023-02-23,,Active,0.0
5268,1227,3,2021-03-21,2022-08-14,Churned,0.0
5269,1227,2,2022-04-01,,Active,0.1
5270,1228,1,2022-02-13,,Active,0.0
5271,1229,3,2023-08-01,,Active,0.1
5272,1230,2,2022-12-18,,Active,0.0
5273,1230,1,2022-09-18,,Active,0.0
5274,1231,1,2022-04-12,2022-12-26,Churned,0.0
5275,1232,2,2021-02-18,,Active,0.0
5276,1233,1,2022-01-31,2023-04-14,Churned,0.0
5277,1234,1,2022-11-04,2023-09-15,Churned,0.0
5278,1234,1,2021-05-23,,Active,0.0
5279,1235,1,2022-07-26,2023-08-19,Churned,0.0
5280,1236,3,2023-11-10,,Active,0.0
5281,1237,1,2023-03-30,,Active,0.0
5282,1238,1,2022-11-10,,Active,0.0
5283,1239,2,2021-02-26,,Active,0.0
5284,1239,2,2021-08-25,2022-06-18,Churned,0.0
5285,1240,2,2022-01-01,2023-09-17,Churned,0.0
5286,1241,1,2022-06-28,,Active,0.0
5287,1241,1,2021-03-20,,Active,0.0
5288,1242,2,2021-08-11,,Active,0.0
5289,1243,1,2023-06-09,,Active,0.0
5290,1244,2,2022-12-09,,Active,0.0
5291,1245,2,2022-10-05,,Active,0.0
5292,1246,3,2023-06-13,,Active,0.0
5293,1246,1,2023-11-14,,Active,0.1
5294,1247,1,2021-08-25,,Active,0.0
5295,1248,3,2023-02-28,,Active,0.0
5296,1249,1,2022-01-25,,Active,0.0
5297,1250,2,2022-06-06,2022-08-20,Churned,0.0
5298,1250,1,2023-06-13,2023-07-14,Churned,0.0
5299,1251,1,2023-12-01,,Active,0.0
5300,1252,1,2022-02-08,2023-03-17,Churned,0.0
5301,1253,1,2023-06-03,,Active,0.0
5302,1254,1,2021-05-24,,Active,0.0
5303,1255,2,2022-11-08,,Active,0.0
5304,1256,2,2022-10-05,,Active,0.0
5305,1257,1,2021-09-13,,Active,0.0
5306,1258,2,2022-09-08,,Active,0.0
5307,1258,3,2023-11-05,,Active,0.0
5308,1259,1,2022-09-26,,Active,0.0
5309,1260,1,2023-04-17,,Active,0.0
5310,1261,3,2023-04-05,,Active,0.0
5311,1262,2,2022-08-29,,Active,0.1
5312,1263,2,2021-09-18,2022-05-02,Churned,0.0
5313,1264,3,2023-05-12,,Active,0.0
5314,1265,1,2023-02-16,,Active,0.0
5315,1266,1,2021-12-23,,Active,0.1
5316,1267,2,2022-09-09,2023-11-28,Churned,0.0
5317,1268,1,2021-01-01,,Active,0.0
5318,1269,1,2022-09-15,,Active,0.0
5319,1270,1,2022-08-11,,Active,0.0
5320,1271,3,2022-03-07,2023-06-20,Churned,0.1
5321,1271,3,2022-10-22,,Active,0.1
5322,1272,2,2023-08-11,,Active,0.0
5323,1273,1,2023-06-25,,Active,0.1
5324,1273,3,2022-03-14,,Active,0.0
5325,1274,1,2023-11-13,,Active,0.0
5326,1275,2,2021-12-14,,Active,0.0
5327,1276,1,2021-06-23,2022-05-09,Churned,0.0
5328,1277,2,2023-11-22,,Active,0.1
5329,1278,2,2022-11-18,,Active,0.1
5330,1279,2,2021-07-11,,Active,0.0
5331,1280,2,2022-04-27,,Active,0.0
5332,1281,3,2022-09-28,,Active,0.0
5333,1282,1,2022-04-06,,Active,0.2
5334,1283,2,2022-02-12,,Active,0.0
5335,1284,1,2021-10-29,,Active,0.0
5336,1285,3,2021-02-20,2021-05-08,Churned,0.0
5337,1286,2,2022-05-17,,Active,0.0
5338,1287,2,2023-09-01,,Active,0.0
5339,1288,1,2021-05-30,,Active,0.1
5340,1289,1,2023-07-22,,Active,0.0
5341,1290,2,2023-04-29,,Active,0.2
5342,1291,1,2022-02-03,,Active,0.0
5343,1292,1,2023-02-26,,Active,0.0
5344,1293,1,2023-10-10,,Active,0.0
5345,1294,1,2022-05-15,,Active,0.1
5346,1295,2,2021-10-30,2023-10-01,Churned,0.1
5347,1295,3,2021-01-12,2021-05-31,Churned,0.0
5348,1296,2,2023-05-21,,Active,0.0
5349,1297,2,2022-03-25,,Active,0.0
5350,1297,2,2021-12-27,2023-07-10,Churned,0.0
5351,1298,3,2023-08-10,,Active,0.1
5352,1299,1,2021-04-13,2022-12-04,Churned,0.0
5353,1299,1,2022-05-26,2022-10-27,Churned,0.0
5354,1300,1,2023-07-24,,Active,0.0
5355,1301,2,2023-08-10,,Active,0.0
5356,1301,1,2023-12-24,,Active,0.0
5357,1302,1,2022-10-12,,Active,0.0
5358,1303,2,2023-10-31,,Active,0.0
5359,1304,1,2023-07-03,,Active,0.1
5360,1305,1,2023-08-31,,Active,0.0
5361,1306,2,2023-07-11,,Active,0.0
5362,1307,1,2022-05-22,,Active,0.0
5363,1308,1,2022-07-22,,Active,0.0
5364,1309,1,2023-12-04,,Active,0.0
5365,1310,2,2023-09-20,,Active,0.0
5366,1311,1,2022-05-05,,Active,0.1
5367,1311,3,2022-07-17,,Active,0.0
5368,1312,1,2023-06-20,,Active,0.0
5369,1313,2,2021-06-08,2022-04-26,Churned,0.1
5370,1314,1,2022-04-26,,Active,0.0
5371,1315,1,2022-07-11,,Active,0.0
5372,1316,2,2022-11-19,,Active,0.0
5373,1317,2,2022-10-17,,Active,0.0
5374,1318,2,2021-06-15,2021-12-03,Churned,0.0
5375,1319,1,2021-11-05,,Active,0.0
5376,1320,3,2022-04-19,,Active,0.0
5377,1320,1,2023-02-24,,Active,0.0
5378,1321,2,2021-11-09,,Active,0.0
5379,1322,2,2022-03-15,2022-06-18,Churned,0.0
5380,1323,1,2023-04-30,,Active,0.0
5381,1323,3,2022-11-09,,Active,0.0
5382,1324,1,2023-08-13,,Active,0.0
5383,1325,1,2023-05-02,,Active,0.0
5384,1326,1,2021-05-08,2022-01-04,Churned,0.1
5385,1327,1,2023-05-11,,Active,0.0
5386,1328,1,2023-03-09,,Active,0.2
5387,1329,1,2021-02-10,,Active,0.0
5388,1330,1,2023-02-19,,Active,0.0
5389,1331,3,2021-01-13,,Active,0.0
5390,1332,1,2022-12-22,,Active,0.0
5391,1333,1,2022-09-04,2023-11-07,Churned,0.0
5392,1334,1,2023-05-09,,Active,0.0
5393,1335,1,2022-03-28,2023-09-08,Churned,0.0
5394,1336,1,2022-03-26,,Active,0.0
5395,1337,1,2022-07-13,,Active,0.0
5396,1338,1,2023-06-12,,Active,0.0
5397,1338,2,2021-03-01,,Active,0.0
5398,1339,1,2023-03-08,,Active,0.2
5399,1340,3,2023-04-09,2023-10-25,Churned,0.0
5400,1341,1,2023-08-16,,Active,0.1
5401,1342,2,2021-09-19,2023-07-18,Churned,0.0
5402,1342,3,2023-12-30,,Active,0.0
5403,1343,2,2023-03-18,,Active,0.0
5404,1344,1,2021-02-25,,Active,0.0
5405,1345,2,2021-06-21,,Active,0.0
5406,1346,3,2023-05-28,2023-11-12,Churned,0.0
5407,1347,2,2023-08-04,,Active,0.2
5408,1348,2,2021-04-13,2022-02-03,Churned,0.0
5409,1349,2,2023-02-16,,Active,0.0
5410,1350,2,2022-11-02,,Active,0.0
5411,1350,1,2022-03-10,2023-07-18,Churned,0.0
5412,1351,1,2022-11-01,,Active,0.1
5413,1352,1,2022-11-23,,Active,0.0
5414,1352,1,2023-02-16,2023-12-27,Churned,0.0
5415,1353,2,2023-05-14,,Active,0.0
5416,1354,1,2021-06-17,,Active,0.0
5417,1355,1,2023-08-22,2023-10-10,Churned,0.0
5418,1356,3,2021-04-17,2022-05-10,Churned,0.0
5419,1357,3,2022-04-05,,Active,0.0
5420,1358,3,2021-05-21,2023-04-18,Churned,0.0
5421,1359,2,2021-03-24,,Active,0.0
5422,1360,1,2021-03-05,2021-12-13,Churned,0.2
5423,1361,1,2022-02-13,,Active,0.0
5424,1362,2,2021-02-11,,Active,0.0
5425,1363,2,2021-11-09,2022-08-10,Churned,0.1
5426,1364,3,2021-09-16,2023-02-12,Churned,0.2
5427,1365,1,2021-08-23,2023-04-22,Churned,0.0
5428,1366,1,2022-03-23,2023-08-11,Churned,0.0
5429,1367,2,2022-06-09,2023-07-21,Churned,0.1
5430,1368,1,2021-12-10,2023-09-21,Churned,0.0
5431,1369,1,2021-08-23,2022-03-08,Churned,0.0
5432,1370,1,2022-09-30,,Active,0.0
5433,1371,2,2021-08-10,,Active,0.0
5434,1372,1,2021-02-22,,Active,0.0
5435,1373,2,2022-10-01,,Active,0.0
5436,1373,1,2023-02-08,,Active,0.0
5437,1374,3,2023-03-24,,Active,0.0
5438,1375,1,2022-02-11,2022-05-29,Churned,0.0
5439,1376,2,2022-05-13,2022-09-24,Churned,0.0
5440,1376,2,2022-09-10,,Active,0.1
5441,1377,2,2021-09-05,2023-05-07,Churned,0.0
5442,1378,1,2021-03-26,,Active,0.0
5443,1379,1,2022-12-13,,Active,0.0
5444,1380,2,2023-05-28,,Active,0.0
5445,1381,3,2023-01-29,,Active,0.0
5446,1382,2,2021-05-22,,Active,0.0
5447,1383,3,2023-11-03,,Active,0.0
5448,1383,2,2022-11-30,,Active,0.0
5449,1384,2,2021-01-26,,Active,0.0
5450,1385,1,2023-05-11,,Active,0.0
5451,1386,1,2023-10-01,,Active,0.1
5452,1387,2,2023-06-07,,Active,0.0
5453,1388,2,2023-01-12,,Active,0.0
5454,1389,1,2023-07-31,,Active,0.2
5455,1390,2,2021-11-10,2023-02-28,Churned,0.0
5456,1391,3,2021-12-27,,Active,0.0
5457,1392,3,2023-12-05,,Active,0.0
5458,1393,2,2022-07-08,,Active,0.1
5459,1394,2,2023-09-18,,Active,0.0
5460,1395,1,2023-06-12,,Active,0.0
5461,1396,2,2022-07-04,,Active,0.0
5462,1397,1,2022-10-23,2023-07-31,Churned,0.0
5463,1398,1,2021-06-27,2022-05-08,Churned,0.0
5464,1399,3,2023-07-13,,Active,0.0
5465,1400,3,2023-08-10,,Active,0.0
5466,1400,1,2023-02-16,,Active,0.0
5467,1401,2,2022-11-20,2023-01-18,Churned,0.0
5468,1402,1,2023-10-10,,Active,0.0
5469,1403,2,2022-10-28,2023-06-01,Churned,0.0
5470,1403,1,2023-09-26,,Active,0.0
5471,1404,1,2022-03-11,,Active,0.1
5472,1405,1,2022-12-28,2023-10-18,Churned,0.1
5473,1406,1,2022-11-29,,Active,0.0
5474,1406,3,2022-07-27,,Active,0.0
5475,1407,1,2022-07-20,,Active,0.0
5476,1408,1,2021-01-21,,Active,0.0
5477,1409,2,2023-11-25,,Active,0.0
5478,1410,1,2022-01-27,2022-05-24,Churned,0.0
5479,1411,1,2022-05-10,2023-07-30,Churned,0.0
5480,1412,1,2023-09-28,,Active,0.0
5481,1413,3,2022-05-08,2023-10-07,Churned,0.0
5482,1413,1,2023-10-03,,Active,0.0
5483,1414,2,2021-02-05,,Active,0.0
5484,1415,2,2021-07-10,2022-06-06,Churned,0.0
5485,1416,1,2022-03-30,,Active,0.0
5486,1417,3,2023-04-09,,Active,0.0
5487,1417,2,2022-05-14,,Active,0.0
5488,1418,2,2022-09-20,,Active,0.0
5489,1419,2,2023-01-26,,Active,0.0
5490,1420,2,2023-08-28,,Active,0.0
5491,1420,2,2023-12-24,,Active,0.1
5492,1421,3,2023-05-22,,Active,0.0
5493,1422,2,2022-11-09,2023-12-04,Churned,0.1
5494,1423,1,2023-07-19,,Active,0.0
5495,1424,1,2022-07-09,,Active,0.0
5496,1425,2,2022-09-20,,Active,0.0
5497,1426,2,2022-05-30,2023-02-20,Churned,0.0
5498,1427,2,2021-09-05,,Active,0.0
5499,1428,1,2022-01-30,,Active,0.1
5500,1429,2,2022-10-09,2023-03-10,Churned,0.0
5501,1430,1,2022-01-15,,Active,0.0
5502,1430,1,2022-01-28,2022-10-06,Churned,0.0
5503,1431,1,2023-09-19,,Active,0.0
5504,1432,2,2022-07-21,,Active,0.0
5505,1433,2,2023-12-11,,Active,0.0
5506,1433,1,2022-08-03,2022-12-13,Churned,0.0
5507,1434,3,2022-02-02,,Active,0.0
5508,1435,1,2022-08-30,,Active,0.0
5509,1436,2,2022-04-11,,Active,0.0
5510,1436,3,2023-01-10,2023-08-11,Churned,0.0
5511,1437,1,2022-09-12,,Active,0.0
5512,1438,1,2021-01-29,,Active,0.0
5513,1439,2,2023-12-30,,Active,0.0
5514,1440,2,2022-07-16,,Active,0.0
5515,1441,1,2021-04-04,,Active,0.0
5516,1442,1,2021-04-22,,Active,0.0
5517,1443,1,2022-08-22,,Active,0.1
5518,1444,2,2021-09-16,,Active,0.0
5519,1444,2,2023-10-03,,Active,0.0
5520,1445,1,2021-01-26,2022-10-05,Churned,0.0
5521,1446,1,2022-08-06,,Active,0.0
5522,1447,3,2023-08-20,,Active,0.0
5523,1448,1,2023-09-08,,Active,0.0
5524,1449,2,2022-11-29,2023-07-05,Churned,0.0
5525,1450,1,2021-04-16,,Active,0.0
5526,1451,2,2022-06-02,,Active,0.0
5527,1452,2,2023-09-06,,Active,0.0
5528,1453,1,2021-05-14,,Active,0.1
5529,1454,1,2023-04-01,,Active,0.0
5530,1455,2,2023-10-05,,Active,0.0
5531,1456,1,2021-06-01,,Active,0.0
5532,1457,2,2021-04-20,,Active,0.0
5533,1458,2,2021-11-07,2022-05-08,Churned,0.0
5534,1459,3,2022-09-15,,Active,0.0
5535,1460,1,2021-06-24,,Active,0.0
5536,1461,2,2022-05-24,,Active,0.0
5537,1462,1,2021-08-31,2023-04-24,Churned,0.0
5538,1462,2,2023-05-03,,Active,0.0
5539,1463,1,2022-04-08,,Active,0.0
5540,1464,3,2023-12-07,,Active,0.0
5541,1465,3,2023-07-12,,Active,0.0
5542,1466,2,2022-09-01,,Active,0.0
5543,1467,1,2023-05-29,,Active,0.0
5544,1467,1,2021-05-04,,Active,0.0
5545,1468,2,2021-07-23,,Active,0.0
5546,1469,2,2022-03-02,,Active,0.0
5547,1470,1,2022-03-09,,Active,0.0
5548,1470,2,2022-06-26,,Active,0.0
5549,1471,1,2021-06-16,2021-12-23,Churned,0.0
5550,1472,1,2022-05-07,,Active,0.0
5551,1473,2,2021-12-22,2023-08-09,Churned,0.1
5552,1473,2,2021-06-03,2021-12-10,Churned,0.0
5553,1474,1,2021-01-06,2022-03-30,Churned,0.0
5554,1474,1,2023-07-12,,Active,0.0
5555,1475,3,2023-08-21,,Active,0.0
5556,1476,1,2022-08-20,,Active,0.0
5557,1477,2,2021-03-08,2021-11-30,Churned,0.1
5558,1478,3,2022-08-14,,Active,0.0
5559,1479,1,2022-08-03,,Active,0.0
5560,1480,3,2023-07-19,,Active,0.0
5561,1481,3,2021-05-26,2022-02-19,Churned,0.2
5562,1482,2,2022-06-26,,Active,0.0
5563,1483,2,2022-02-10,2023-05-21,Churned,0.0
5564,1484,3,2021-08-24,2023-04-03,Churned,0.0
5565,1485,1,2022-04-06,,Active,0.1
5566,1486,1,2021-11-02,,Active,0.0
5567,1487,2,2022-06-29,,Active,0.0
5568,1488,3,2021-10-19,,Active,0.0
5569,1489,2,2021-05-27,,Active,0.0
5570,1490,2,2021-05-03,,Active,0.0
5571,1491,2,2021-12-06,2022-11-15,Churned,0.0
5572,1492,1,2022-08-15,2023-12-07,Churned,0.0
5573,1493,1,2021-09-12,,Active,0.0
5574,1494,2,2023-08-18,,Active,0.0
5575,1495,1,2023-04-05,,Active,0.0
5576,1496,2,2022-07-12,,Active,0.0
5577,1496,1,2023-10-22,,Active,0.0
5578,1497,2,2023-10-09,,Active,0.1
5579,1498,1,2021-06-14,2023-03-18,Churned,0.0
5580,1499,1,2021-03-23,,Active,0.0
5581,1500,3,2023-06-04,,Active,0.1
5582,1501,1,2022-10-23,,Active,0.0
5583,1502,2,2022-05-28,,Active,0.0
5584,1503,1,2021-02-22,2021-06-25,Churned,0.0
5585,1504,1,2022-04-14,,Active,0.0
5586,1505,1,2021-02-12,2023-01-31,Churned,0.0
5587,1506,1,2022-07-06,,Active,0.0
5588,1507,1,2021-03-24,,Active,0.0
5589,1508,1,2021-12-25,,Active,0.2
5590,1509,3,2023-08-22,,Active,0.0
5591,1510,1,2023-11-29,,Active,0.0
5592,1511,1,2023-06-25,,Active,0.0
5593,1512,2,2022-07-24,,Active,0.1
5594,1513,2,2022-01-07,2023-09-28,Churned,0.0
5595,1514,1,2023-06-12,,Active,0.2
5596,1515,2,2023-10-05,,Active,0.0
5597,1516,3,2023-08-21,,Active,0.1
5598,1517,1,2022-12-14,,Active,0.0
5599,1517,1,2022-11-14,,Active,0.0
5600,1518,2,2022-10-20,,Active,0.0
5601,1519,2,2021-08-03,2022-02-13,Churned,0.0
5602,1520,1,2022-11-07,,Active,0.0
5603,1521,2,2023-04-24,,Active,0.0
5604,1522,2,2023-10-12,,Active,0.0
5605,1523,1,2022-08-14,,Active,0.0
5606,1524,1,2023-04-01,,Active,0.0
5607,1525,1,2021-03-17,,Active,0.1
5608,1526,1,2023-07-21,2023-11-18,Churned,0.0
5609,1527,1,2022-10-07,,Active,0.1
5610,1528,1,2022-06-01,,Active,0.0
5611,1529,2,2022-10-25,,Active,0.0
5612,1529,2,2021-08-26,,Active,0.0
5613,1530,1,2023-04-08,,Active,0.0
5614,1531,2,2021-01-03,,Active,0.0
5615,1532,1,2023-08-05,,Active,0.0
5616,1533,1,2021-04-22,2021-11-30,Churned,0.0
5617,1534,1,2023-11-28,,Active,0.0
5618,1535,3,2023-01-11,,Active,0.0
5619,1536,1,2023-10-18,,Active,0.0
5620,1536,2,2023-06-25,,Active,0.2
5621,1537,1,2021-04-16,,Active,0.0
5622,1538,3,2022-02-21,2022-12-21,Churned,0.0
5623,1539,3,2021-09-26,,Active,0.0
5624,1540,2,2022-08-13,,Active,0.0
5625,1541,1,2023-06-17,,Active,0.0
5626,1542,1,2023-09-20,,Active,0.0
5627,1542,2,2021-09-06,,Active,0.0
5628,1543,2,2021-03-01,,Active,0.0
5629,1544,2,2022-05-06,2022-11-14,Churned,0.0
5630,1545,2,2022-09-29,,Active,0.0
5631,1546,1,2021-01-29,,Active,0.1
5632,1547,2,2023-04-16,,Active,0.1
5633,1548,3,2021-07-10,2022-03-27,Churned,0.0
5634,1549,1,2021-08-21,2023-01-05,Churned,0.0
5635,1550,2,2021-08-29,,Active,0.0
5636,1551,3,2021-11-12,,Active,0.0
5637,1551,2,2023-10-18,,Active,0.0
5638,1552,2,2022-08-21,,Active,0.0
5639,1553,1,2023-11-09,,Active,0.1
5640,1554,3,2022-07-14,2023-10-12,Churned,0.0
5641,1555,2,2023-09-16,,Active,0.0
5642,1556,1,2023-08-26,,Active,0.0
5643,1556,2,2022-05-15,2023-09-24,Churned,0.1
5644,1557,1,2021-10-24,,Active,0.0
5645,1558,1,2023-02-25,2023-10-08,Churned,0.1
5646,1559,1,2023-11-07,,Active,0.0
5647,1560,1,2021-10-07,,Active,0.1
5648,1561,1,2021-05-23,,Active,0.0
5649,1562,1,2022-07-20,,Active,0.0
5650,1563,1,2023-04-30,,Active,0.0
5651,1564,2,2022-11-28,,Active,0.0
5652,1564,1,2023-11-06,,Active,0.0
5653,1565,1,2022-07-02,2022-08-03,Churned,0.0
5654,1566,3,2022-08-03,2023-07-04,Churned,0.0
5655,1567,2,2023-09-30,,Active,0.1
5656,1568,2,2021-11-01,2023-03-03,Churned,0.2
5657,1569,1,2023-09-19,,Active,0.0
5658,1570,1,2022-12-08,,Active,0.0
5659,1571,2,2022-11-12,,Active,0.0
5660,1572,2,2023-02-12,,Active,0.0
5661,1573,3,2023-07-22,,Active,0.1
5662,1574,1,2022-10-22,2023-06-02,Churned,0.0
5663,1575,1,2022-05-05,,Active,0.1
5664,1576,1,2023-02-24,2023-11-20,Churned,0.0
5665,1577,3,2023-04-22,,Active,0.0
5666,1578,1,2021-03-31,2022-03-21,Churned,0.0
5667,1579,1,2023-08-27,,Active,0.2
5668,1580,1,2023-03-02,,Active,0.0
5669,1581,2,2021-11-08,2023-04-29,Churned,0.0
5670,1582,2,2021-03-17,,Active,0.1
5671,1583,2,2021-09-16,,Active,0.2
5672,1584,3,2023-10-26,,Active,0.0
5673,1585,3,2022-11-11,,Active,0.0
5674,1586,1,2021-07-25,2022-11-17,Churned,0.0
5675,1587,2,2021-07-24,2023-02-12,Churned,0.1
5676,1588,1,2023-07-25,2023-09-08,Churned,0.0
5677,1589,1,2021-10-23,,Active,0.0
5678,1590,1,2023-04-20,,Active,0.1
5679,1591,1,2021-11-13,2022-02-27,Churned,0.2
5680,1592,1,2023-08-20,,Active,0.0
5681,1593,2,2022-11-25,,Active,0.0
5682,1594,1,2023-03-26,,Active,0.0
5683,1595,2,2021-06-14,2022-06-15,Churned,0.2
5684,1596,3,2023-12-29,,Active,0.1
5685,1597,2,2022-10-11,,Active,0.1
5686,1598,2,2023-09-27,,Active,0.0
5687,1598,1,2021-03-15,2023-01-06,Churned,0.0
5688,1599,2,2021-05-21,2022-02-15,Churned,0.0
5689,1600,1,2022-08-12,,Active,0.0
5690,1601,2,2022-04-11,2022-08-11,Churned,0.0
5691,1602,1,2023-06-08,,Active,0.0
5692,1603,3,2021-07-21,,Active,0.0
5693,1604,1,2021-07-25,2022-11-21,Churned,0.1
5694,1605,2,2021-12-07,2022-11-08,Churned,0.2
5695,1606,2,2021-03-01,2021-05-17,Churned,0.0
5696,1607,1,2022-10-27,,Active,0.1
5697,1608,2,2021-04-25,,Active,0.0
5698,1608,1,2022-08-24,2023-09-25,Churned,0.0
5699,1609,1,2023-02-07,,Active,0.1
5700,1610,1,2023-06-02,2023-11-28,Churned,0.0
5701,1611,2,2022-05-16,,Active,0.0
5702,1612,2,2023-12-24,,Active,0.0
5703,1613,1,2022-01-04,2022-07-27,Churned,0.1
5704,1614,2,2021-12-25,2022-04-14,Churned,0.0
5705,1615,1,2023-02-23,,Active,0.0
5706,1616,1,2022-05-09,2023-10-30,Churned,0.0
5707,1617,3,2021-10-21,2022-07-15,Churned,0.0
5708,1618,1,2023-08-03,,Active,0.0
5709,1619,1,2022-06-05,,Active,0.0
5710,1619,3,2023-07-31,,Active,0.0
5711,1620,1,2022-06-07,,Active,0.0
5712,1621,2,2021-01-20,2022-06-10,Churned,0.2
5713,1622,2,2022-08-13,,Active,0.0
5714,1623,1,2021-11-20,2022-03-05,Churned,0.0
5715,1624,1,2023-06-24,,Active,0.2
5716,1624,1,2022-09-05,,Active,0.0
5717,1625,2,2023-05-19,,Active,0.1
5718,1625,1,2022-05-28,,Active,0.1
5719,1626,2,2023-07-25,,Active,0.0
5720,1627,2,2022-09-11,,Active,0.0
5721,1628,1,2022-02-12,,Active,0.0
5722,1629,1,2023-02-27,,Active,0.0
5723,1630,2,2023-09-17,,Active,0.0
5724,1631,1,2022-05-01,2023-06-25,Churned,0.2
5725,1632,3,2023-01-06,,Active,0.0
5726,1633,2,2022-08-29,,Active,0.0
5727,1633,1,2022-08-28,2022-10-19,Churned,0.0
5728,1634,1,2023-03-22,,Active,0.0
5729,1635,2,2022-07-17,,Active,0.0
5730,1636,2,2021-01-17,,Active,0.0
5731,1637,2,2021-04-11,2023-01-21,Churned,0.0
5732,1637,1,2023-10-15,,Active,0.0
5733,1638,2,2022-08-10,,Active,0.0
5734,1639,3,2022-04-17,,Active,0.1
5735,1640,2,2022-12-23,,Active,0.0
5736,1641,1,2022-03-25,,Active,0.0
5737,1642,1,2022-01-25,2023-11-21,Churned,0.0
5738,1643,2,2022-05-29,,Active,0.0
5739,1644,3,2021-10-08,,Active,0.1
5740,1645,1,2021-07-18,2023-05-21,Churned,0.0
5741,1646,1,2021-03-22,,Active,0.0
5742,1647,1,2022-09-25,,Active,0.0
5743,1648,2,2021-03-10,,Active,0.0
5744,1648,2,2023-01-18,2023-07-01,Churned,0.0
5745,1649,2,2021-07-04,,Active,0.0
5746,1650,2,2022-08-28,2023-08-27,Churned,0.1
5747,1651,1,2023-05-01,,Active,0.0
5748,1652,1,2021-12-26,,Active,0.0
5749,1653,3,2022-02-16,,Active,0.0
5750,1653,2,2021-09-28,2023-05-03,Churned,0.0
5751,1654,3,2023-01-20,,Active,0.0
5752,1655,1,2023-10-25,,Active,0.2
5753,1656,2,2021-12-03,2022-09-22,Churned,0.0
5754,1657,1,2023-09-14,,Active,0.1
5755,1658,1,2022-11-25,,Active,0.0
5756,1659,2,2021-08-24,2023-01-15,Churned,0.0
5757,1660,2,2021-06-04,2021-11-25,Churned,0.0
5758,1661,2,2022-04-08,,Active,0.0
5759,1662,1,2023-03-25,,Active,0.0
5760,1663,1,2023-01-20,2023-05-22,Churned,0.0
5761,1664,2,2023-03-20,,Active,0.2
5762,1665,2,2021-01-29,,Active,0.0
5763,1665,2,2022-06-26,,Active,0.0
5764,1666,1,2021-09-11,2023-01-19,Churned,0.1
5765,1667,1,2023-01-25,,Active,0.0
5766,1668,1,2022-06-21,,Active,0.1
5767,1669,2,2023-02-20,,Active,0.0
5768,1670,1,2023-01-31,,Active,0.0
5769,1670,2,2021-08-10,,Active,0.0
5770,1671,2,2022-04-24,,Active,0.0
5771,1672,2,2023-08-24,,Active,0.0
5772,1672,1,2021-02-21,2022-12-17,Churned,0.0
5773,1673,2,2022-11-03,,Active,0.0
5774,1673,1,2022-03-30,,Active,0.0
5775,1674,2,2021-05-10,2023-03-21,Churned,0.0
5776,1675,1,2023-08-09,,Active,0.0
5777,1676,1,2022-09-11,,Active,0.0
5778,1677,1,2023-04-17,2023-09-13,Churned,0.0
5779,1678,3,2021-10-14,2021-12-29,Churned,0.0
5780,1679,1,2021-03-18,,Active,0.0
5781,1679,3,2022-09-16,,Active,0.1
5782,1680,1,2023-10-06,,Active,0.0
5783,1681,2,2021-08-26,,Active,0.1
5784,1682,2,2021-07-19,,Active,0.0
5785,1683,1,2022-04-26,2023-11-27,Churned,0.2
5786,1684,2,2021-10-05,,Active,0.0
5787,1685,1,2023-03-07,,Active,0.0
5788,1686,1,2023-07-19,,Active,0.0
5789,1686,1,2023-05-09,,Active,0.0
5790,1687,1,2021-11-13,2023-02-10,Churned,0.0
5791,1688,1,2021-07-22,2023-01-04,Churned,0.0
5792,1689,2,2023-04-16,,Active,0.0
5793,1690,2,2022-07-27,,Active,0.0
5794,1691,2,2021-03-09,2022-04-22,Churned,0.0
5795,1692,1,2022-03-21,2023-07-18,Churned,0.2
5796,1693,2,2023-06-30,,Active,0.0
5797,1694,2,2022-04-29,,Active,0.0
5798,1695,1,2023-01-13,,Active,0.0
5799,1696,3,2021-07-23,,Active,0.0
5800,1697,1,2023-01-23,,Active,0.0
5801,1698,2,2023-01-05,2023-04-07,Churned,0.2
5802,1699,1,2023-03-27,,Active,0.1
5803,1700,1,2022-07-20,2023-03-01,Churned,0.0
5804,1701,1,2021-09-08,2023-01-16,Churned,0.0
5805,1702,3,2021-07-07,2023-06-15,Churned,0.2
5806,1703,1,2022-03-11,,Active,0.0
5807,1704,3,2021-02-13,2021-05-05,Churned,0.0
5808,1705,1,2022-11-15,2023-08-21,Churned,0.0
5809,1706,2,2021-09-15,2023-05-16,Churned,0.0
5810,1707,1,2022-02-25,2022-06-05,Churned,0.0
5811,1708,2,2022-03-01,,Active,0.0
5812,1709,1,2022-03-19,2022-12-12,Churned,0.1
5813,1710,1,2022-11-04,,Active,0.1
5814,1710,3,2021-10-30,,Active,0.0
5815,1711,3,2021-01-06,2021-11-15,Churned,0.0
5816,1712,1,2021-10-24,,Active,0.2
5817,1713,2,2021-09-24,2023-04-30,Churned,0.0
5818,1714,2,2022-05-29,2022-12-23,Churned,0.0
5819,1715,1,2021-08-14,,Active,0.1
5820,1716,2,2021-02-22,,Active,0.0
5821,1717,3,2021-09-27,2021-11-11,Churned,0.0
5822,1718,2,2023-01-04,2023-10-04,Churned,0.0
5823,1718,1,2022-10-26,,Active,0.0
5824,1719,1,2021-02-02,,Active,0.0
5825,1719,1,2021-12-23,2022-10-20,Churned,0.2
5826,1720,1,2021-04-18,,Active,0.0
5827,1720,2,2021-09-17,,Active,0.0
5828,1721,2,2023-05-13,,Active,0.0
5829,1721,1,2021-08-21,2021-11-24,Churned,0.0
5830,1722,2,2023-09-03,,Active,0.0
5831,1723,1,2023-07-08,,Active,0.0
5832,1724,2,2023-01-12,,Active,0.0
5833,1725,2,2021-08-12,,Active,0.2
5834,1726,3,2023-07-15,,Active,0.0
5835,1727,2,2022-03-30,,Active,0.0
5836,1727,1,2021-03-30,,Active,0.0
5837,1728,1,2023-12-04,,Active,0.2
5838,1728,1,2022-09-10,,Active,0.1
5839,1729,1,2021-03-05,2021-06-05,Churned,0.0
5840,1729,2,2023-09-08,,Active,0.0
5841,1730,1,2023-05-24,2023-10-11,Churned,0.0
5842,1731,1,2023-10-02,,Active,0.0
5843,1732,3,2021-05-31,,Active,0.0
5844,1733,3,2021-06-15,2022-06-09,Churned,0.0
5845,1734,2,2021-10-31,2022-02-05,Churned,0.0
5846,1735,2,2021-09-16,,Active,0.0
5847,1736,1,2022-07-18,,Active,0.0
5848,1737,1,2022-10-28,,Active,0.0
5849,1738,1,2023-02-20,,Active,0.0
5850,1739,1,2023-12-23,,Active,0.0
5851,1740,2,2023-07-19,,Active,0.0
5852,1741,3,2023-06-01,,Active,0.1
5853,1742,1,2021-07-23,2021-12-17,Churned,0.0
5854,1743,2,2022-03-17,,Active,0.1
5855,1744,2,2023-05-31,,Active,0.0
5856,1745,1,2022-04-13,,Active,0.0
5857,1746,2,2023-04-28,,Active,0.1
5858,1747,1,2023-07-18,,Active,0.0
5859,1748,1,2023-03-28,,Active,0.0
5860,1748,3,2023-05-02,2023-09-06,Churned,0.0
5861,1749,1,2022-10-03,,Active,0.0
5862,1750,3,2023-05-25,,Active,0.0
5863,1751,1,2022-10-03,,Active,0.0
5864,1752,1,2022-06-07,,Active,0.0
5865,1753,1,2023-02-06,2023-08-11,Churned,0.1
5866,1754,2,2023-08-30,2023-12-06,Churned,0.0
5867,1754,2,2021-07-06,,Active,0.0
5868,1755,2,2021-06-24,,Active,0.0
5869,1756,2,2021-07-10,2022-10-25,Churned,0.0
5870,1757,1,2021-07-17,2022-09-01,Churned,0.0
5871,1758,2,2021-09-24,,Active,0.0
5872,1759,1,2021-05-03,,Active,0.0
5873,1760,1,2022-11-07,,Active,0.1
5874,1761,2,2021-09-08,2022-12-02,Churned,0.0
5875,1762,1,2022-12-26,,Active,0.0
5876,1763,3,2023-05-17,,Active,0.1
5877,1764,1,2021-04-16,,Active,0.0
5878,1765,1,2022-08-13,,Active,0.0
5879,1766,3,2022-10-02,2023-10-27,Churned,0.0
5880,1767,2,2021-08-01,,Active,0.2
5881,1768,2,2023-11-06,,Active,0.0
5882,1769,2,2022-03-12,,Active,0.1
5883,1770,1,2021-11-13,2023-10-16,Churned,0.1
5884,1771,1,2023-09-15,,Active,0.0
5885,1772,3,2021-08-10,,Active,0.0
5886,1773,1,2022-12-19,,Active,0.0
5887,1774,1,2023-01-23,,Active,0.0
5888,1775,1,2021-08-24,2022-07-05,Churned,0.0
5889,1776,1,2022-04-09,,Active,0.1
5890,1777,1,2023-05-29,,Active,0.0
5891,1777,2,2021-02-23,,Active,0.0
5892,1778,2,2022-07-02,,Active,0.0
5893,1779,1,2021-03-01,2021-10-01,Churned,0.1
5894,1780,2,2022-07-14,2023-06-25,Churned,0.1
5895,1781,1,2022-11-27,,Active,0.0
5896,1782,2,2022-12-20,2023-01-25,Churned,0.0
5897,1783,1,2022-01-07,,Active,0.1
5898,1784,1,2021-10-21,,Active,0.1
5899,1785,1,2023-04-01,,Active,0.0
5900,1786,2,2021-05-23,,Active,0.0
5901,1787,2,2021-10-18,2023-08-27,Churned,0.0
5902,1788,1,2021-03-04,,Active,0.1
5903,1789,2,2021-07-07,2023-01-31,Churned,0.0
5904,1789,2,2022-03-17,,Active,0.0
5905,1790,2,2023-02-10,,Active,0.0
5906,1791,3,2023-05-10,,Active,0.0
5907,1792,3,2022-11-30,2023-06-09,Churned,0.0
5908,1793,2,2023-01-28,,Active,0.0
5909,1794,3,2022-10-27,,Active,0.0
5910,1795,2,2021-06-23,,Active,0.0
5911,1796,1,2021-04-18,2021-10-24,Churned,0.0
5912,1797,2,2021-11-19,2023-09-12,Churned,0.0
5913,1798,3,2021-04-12,2023-04-02,Churned,0.0
5914,1799,2,2021-06-17,2022-04-21,Churned,0.1
5915,1800,3,2023-06-27,,Active,0.0
5916,1801,1,2023-05-19,,Active,0.0
5917,1801,3,2023-09-22,,Active,0.0
5918,1802,1,2023-06-25,,Active,0.0
5919,1803,1,2022-07-14,,Active,0.0
5920,1804,2,2022-03-18,2023-09-23,Churned,0.0
5921,1805,3,2021-08-22,,Active,0.0
5922,1806,2,2022-12-08,,Active,0.0
5923,1807,1,2023-05-31,2023-10-21,Churned,0.0
5924,1808,2,2022-08-04,,Active,0.2
5925,1808,1,2023-09-24,,Active,0.0
5926,1809,3,2023-12-16,,Active,0.0
5927,1809,2,2022-09-24,2022-12-09,Churned,0.0
5928,1810,1,2022-03-28,,Active,0.0
5929,1810,1,2023-03-21,,Active,0.0
5930,1811,3,2021-04-23,2021-05-30,Churned,0.1
5931,1811,2,2022-02-23,2023-01-27,Churned,0.0
5932,1812,3,2022-03-09,,Active,0.0
5933,1813,2,2021-10-09,2022-07-27,Churned,0.0
5934,1814,1,2022-08-16,,Active,0.0
5935,1815,1,2022-11-03,,Active,0.0
5936,1816,3,2021-09-03,2021-10-10,Churned,0.1
5937,1817,1,2023-10-16,,Active,0.0
5938,1817,3,2021-12-26,,Active,0.0
5939,1818,1,2021-09-22,,Active,0.2
5940,1819,1,2023-02-18,,Active,0.0
5941,1820,1,2022-04-17,2023-10-11,Churned,0.0
5942,1821,2,2022-12-27,,Active,0.0
5943,1821,3,2021-05-28,,Active,0.0
5944,1822,1,2023-03-25,2023-06-06,Churned,0.0
5945,1823,1,2023-06-13,,Active,0.0
5946,1823,2,2021-02-08,,Active,0.0
5947,1824,2,2023-07-31,2023-11-17,Churned,0.0
5948,1825,3,2022-10-04,,Active,0.1
5949,1826,2,2023-05-30,,Active,0.1
5950,1827,2,2023-04-09,,Active,0.0
5951,1828,1,2023-05-06,,Active,0.1
5952,1829,1,2021-08-24,,Active,0.0
5953,1830,1,2023-04-10,,Active,0.1
5954,1831,1,2021-02-12,,Active,0.0
5955,1831,1,2022-10-28,2023-05-21,Churned,0.0
5956,1832,2,2023-08-01,,Active,0.0
5957,1833,1,2021-06-30,,Active,0.0
5958,1834,2,2023-06-14,2023-10-30,Churned,0.0
5959,1835,2,2022-05-14,,Active,0.0
5960,1836,2,2023-06-12,,Active,0.0
5961,1836,1,2023-04-01,,Active,0.0
5962,1837,1,2023-12-10,,Active,0.0
5963,1837,3,2021-06-11,,Active,0.0
5964,1838,2,2023-03-22,,Active,0.0
5965,1839,1,2022-09-28,,Active,0.0
5966,1840,2,2022-11-27,,Active,0.0
5967,1840,1,2022-03-30,2023-04-05,Churned,0.0
5968,1841,1,2021-12-11,,Active,0.0
5969,1842,1,2021-06-06,,Active,0.0
5970,1843,2,2023-11-12,,Active,0.2
5971,1844,1,2021-08-22,,Active,0.0
5972,1845,1,2023-12-23,,Active,0.0
5973,1845,2,2023-11-11,,Active,0.0
5974,1846,3,2022-02-02,2023-02-24,Churned,0.0
5975,1847,3,2022-12-21,,Active,0.0
5976,1848,1,2021-10-30,2022-07-28,Churned,0.0
5977,1849,1,2021-07-30,2022-01-25,Churned,0.1
5978,1850,1,2022-06-09,2023-01-27,Churned,0.0
5979,1850,2,2021-12-22,,Active,0.0
5980,1851,2,2021-11-10,,Active,0.0
5981,1852,1,2021-06-04,2022-01-01,Churned,0.0
5982,1853,1,2023-10-09,,Active,0.0
5983,1854,1,2023-08-09,,Active,0.1
5984,1855,3,2023-07-09,,Active,0.0
5985,1856,2,2022-10-24,,Active,0.0
5986,1857,1,2022-10-10,2023-04-12,Churned,0.0
5987,1857,2,2023-06-20,,Active,0.0
5988,1858,1,2021-05-20,2022-10-12,Churned,0.0
5989,1858,2,2023-06-25,,Active,0.0
5990,1859,1,2022-09-13,,Active,0.0
5991,1860,1,2022-07-17,,Active,0.0
5992,1861,1,2021-04-26,2022-05-21,Churned,0.0
5993,1862,3,2023-11-06,,Active,0.0
5994,1863,2,2021-06-01,2022-05-14,Churned,0.0
5995,1863,1,2023-08-04,,Active,0.1
5996,1864,2,2023-07-15,,Active,0.0
5997,1864,1,2021-03-19,,Active,0.0
5998,1865,1,2021-04-27,,Active,0.1
5999,1866,1,2023-01-26,2023-12-15,Churned,0.1
6000,1867,2,2021-06-07,2023-04-28,Churned,0.0
6001,1868,2,2021-07-04,2023-04-24,Churned,0.0
6002,1869,2,2023-11-05,,Active,0.0
6003,1870,2,2023-02-27,,Active,0.0
6004,1870,1,2021-03-26,,Active,0.0
6005,1871,2,2023-07-11,,Active,0.1
6006,1872,3,2022-01-21,,Active,0.0
6007,1873,1,2022-10-21,,Active,0.0
6008,1874,2,2023-09-02,,Active,0.0
6009,1875,2,2023-10-24,,Active,0.0
6010,1876,1,2021-05-07,2022-09-10,Churned,0.0
6011,1877,1,2021-07-31,2022-08-16,Churned,0.0
6012,1877,1,2021-06-22,2022-12-20,Churned,0.0
6013,1878,2,2021-12-20,2022-02-28,Churned,0.0
6014,1879,1,2022-05-23,2023-09-13,Churned,0.0
6015,1879,1,2023-06-19,,Active,0.0
6016,1880,1,2023-12-10,,Active,0.0
6017,1881,2,2023-12-07,,Active,0.0
6018,1882,3,2021-11-22,2022-12-29,Churned,0.1
6019,1883,2,2023-02-03,2023-12-19,Churned,0.1
6020,1884,1,2023-03-05,,Active,0.0
6021,1885,3,2023-04-18,,Active,0.0
6022,1886,2,2022-11-24,,Active,0.0
6023,1886,2,2021-04-18,,Active,0.0
6024,1887,1,2022-11-17,2023-02-22,Churned,0.0
6025,1888,2,2022-11-07,,Active,0.0
6026,1888,1,2021-07-13,2023-03-06,Churned,0.0
6027,1889,2,2023-03-03,,Active,0.0
6028,1890,1,2022-08-05,,Active,0.1
6029,1891,2,2022-06-01,,Active,0.0
6030,1892,3,2021-11-04,,Active,0.0
6031,1893,1,2022-11-14,,Active,0.1
6032,1894,2,2021-06-16,2023-03-04,Churned,0.0
6033,1895,1,2021-10-17,,Active,0.0
6034,1896,2,2022-12-18,2023-11-30,Churned,0.0
6035,1897,1,2023-03-14,2023-08-23,Churned,0.0
6036,1898,3,2021-06-23,2022-06-05,Churned,0.0
6037,1899,2,2023-02-11,,Active,0.1
6038,1900,2,2022-11-04,,Active,0.0
6039,1901,1,2021-09-19,,Active,0.0
6040,1902,3,2023-12-15,,Active,0.1
6041,1903,1,2023-05-18,,Active,0.0
6042,1904,2,2023-01-12,,Active,0.1
6043,1905,1,2021-02-07,2022-03-15,Churned,0.1
6044,1906,1,2022-09-25,,Active,0.0
6045,1907,2,2022-01-05,2022-09-11,Churned,0.1
6046,1907,1,2022-12-01,,Active,0.0
6047,1908,1,2022-01-29,2022-10-17,Churned,0.0
6048,1909,2,2021-10-09,,Active,0.0
6049,1910,1,2021-11-14,2022-03-03,Churned,0.0
6050,1911,1,2022-08-29,2023-01-09,Churned,0.0
6051,1912,1,2023-11-06,,Active,0.0
6052,1913,2,2023-12-15,,Active,0.0
6053,1914,1,2021-03-19,,Active,0.0
6054,1915,3,2022-11-21,,Active,0.1
6055,1916,2,2021-09-26,,Active,0.0
6056,1917,1,2023-02-11,,Active,0.0
6057,1918,1,2021-11-12,2022-05-27,Churned,0.0
6058,1919,1,2022-01-06,,Active,0.0
6059,1920,2,2021-12-06,2023-03-29,Churned,0.0
6060,1921,1,2021-03-31,,Active,0.1
6061,1921,2,2023-04-22,,Active,0.0
6062,1922,2,2023-01-17,,Active,0.1
6063,1923,2,2022-05-02,,Active,0.0
6064,1924,1,2023-06-29,,Active,0.0
6065,1925,2,2022-08-07,,Active,0.0
6066,1926,2,2023-07-09,,Active,0.0
6067,1927,1,2022-04-25,2023-11-22,Churned,0.0
6068,1927,3,2022-05-05,2023-04-16,Churned,0.1
6069,1928,1,2023-08-19,,Active,0.0
6070,1928,1,2023-01-24,,Active,0.0
6071,1929,2,2023-06-22,,Active,0.0
6072,1930,1,2022-08-01,,Active,0.1
6073,1931,2,2023-02-22,,Active,0.0
6074,1932,3,2023-10-27,,Active,0.0
6075,1933,1,2023-12-17,,Active,0.0
6076,1934,1,2023-05-08,2023-11-19,Churned,0.0
6077,1935,1,2022-02-13,,Active,0.0
6078,1935,1,2021-10-11,,Active,0.0
6079,1936,1,2022-05-28,,Active,0.0
6080,1937,1,2021-04-17,2023-03-04,Churned,0.0
6081,1938,2,2023-09-12,,Active,0.0
6082,1939,1,2023-01-31,,Active,0.0
6083,1940,1,2021-07-30,,Active,0.0
6084,1941,3,2023-11-23,,Active,0.0
6085,1942,3,2021-09-13,,Active,0.0
6086,1943,1,2022-08-07,,Active,0.0
6087,1944,1,2021-06-21,2022-01-01,Churned,0.0
6088,1945,2,2022-07-13,2023-11-15,Churned,0.1
6089,1946,1,2023-11-18,,Active,0.0
6090,1946,2,2023-06-15,,Active,0.1
6091,1947,2,2021-07-07,2022-03-21,Churned,0.0
6092,1948,2,2023-07-13,,Active,0.0
6093,1949,2,2022-12-17,2023-02-12,Churned,0.0
6094,1950,2,2023-04-30,,Active,0.0
6095,1951,1,2021-04-20,,Active,0.1
6096,1952,3,2023-03-23,,Active,0.1
6097,1953,3,2023-02-05,2023-11-03,Churned,0.0
6098,1954,3,2023-03-02,2023-06-23,Churned,0.0
6099,1955,1,2023-02-07,2023-10-24,Churned,0.0
6100,1955,1,2021-02-27,,Active,0.0
6101,1956,3,2022-10-15,,Active,0.0
6102,1957,1,2021-07-22,2023-06-17,Churned,0.1
6103,1958,1,2022-11-18,,Active,0.0
6104,1959,3,2021-10-27,,Active,0.0
6105,1959,2,2021-10-09,,Active,0.0
6106,1960,2,2021-03-20,2022-02-06,Churned,0.0
6107,1961,1,2023-08-26,,Active,0.0
6108,1962,1,2021-10-12,2023-03-06,Churned,0.0
6109,1962,2,2023-07-08,,Active,0.0
6110,1963,3,2021-01-11,2021-05-02,Churned,0.0
6111,1964,1,2021-02-08,2021-11-27,Churned,0.0
6112,1965,3,2022-03-18,2022-09-17,Churned,0.1
6113,1966,2,2023-12-17,,Active,0.1
6114,1967,2,2021-08-16,,Active,0.0
6115,1968,2,2022-08-14,,Active,0.0
6116,1968,1,2022-05-02,,Active,0.0
6117,1969,1,2022-09-09,,Active,0.0
6118,1970,1,2021-09-07,,Active,0.0
6119,1971,2,2021-04-08,,Active,0.0
6120,1972,1,2022-05-04,,Active,0.0
6121,1973,1,2023-05-10,,Active,0.0
6122,1974,1,2023-07-26,,Active,0.0
6123,1975,2,2021-05-09,,Active,0.1
6124,1976,2,2021-08-16,2023-02-08,Churned,0.0
6125,1976,2,2021-02-03,,Active,0.0
6126,1977,2,2023-11-22,,Active,0.2
6127,1978,1,2022-05-11,2022-11-04,Churned,0.0
6128,1979,1,2022-08-20,,Active,0.0
6129,1980,1,2023-05-30,,Active,0.0
6130,1981,3,2021-01-04,2022-10-25,Churned,0.0
6131,1981,1,2022-12-24,,Active,0.1
6132,1982,2,2022-05-08,,Active,0.1
6133,1983,1,2023-05-04,,Active,0.0
6134,1983,2,2022-01-19,,Active,0.0
6135,1984,1,2021-06-25,,Active,0.0
6136,1985,2,2023-12-09,,Active,0.0
6137,1986,2,2023-01-09,,Active,0.0
6138,1987,1,2021-05-19,,Active,0.0
6139,1988,2,2023-12-14,,Active,0.0
6140,1989,2,2023-11-06,,Active,0.0
6141,1990,1,2021-02-11,,Active,0.1
6142,1990,1,2023-03-11,,Active,0.0
6143,1991,3,2021-03-31,,Active,0.0
6144,1991,2,2023-03-04,,Active,0.0
6145,1992,1,2023-02-04,,Active,0.0
6146,1993,1,2022-06-04,,Active,0.0
6147,1994,1,2021-02-03,2022-03-05,Churned,0.1
6148,1995,2,2021-05-19,,Active,0.0
6149,1996,2,2022-12-08,2023-09-10,Churned,0.0
6150,1997,3,2021-08-01,2023-04-18,Churned,0.1
6151,1998,1,2022-11-12,2023-04-27,Churned,0.0
6152,1999,1,2021-04-01,2022-04-26,Churned,0.0
6153,2000,1,2022-11-25,,Active,0.0
